Secteur;Date;Heure;Code;Esp;"Taille
(mm)";"Poids
(g)";Remarques
S6;08/09/2022;112656;8000E1349EC16C80;CHE;100;14;
S6;08/09/2022;112755;8000E1349EC16C58;CHE;107;13;
S6;08/09/2022;112830;8000E1349EC16C71;CHE;107;13;
S6;08/09/2022;112913;8000E1349EC16B84;CHE;93;7;
S6;08/09/2022;112945;8000E1349EC16C79;CHE;119;16;
S6;08/09/2022;113051;8000E13515E117D6;CHE;142;29;
S6;08/09/2022;113122;8000E13515E11806;CHE;172;48;
S6;08/09/2022;113207;8000E13515E117DD;CHE;168;46;
S6;08/09/2022;113243;8000E1349EAB978F;CHE;107;12;
S6;08/09/2022;113319;8000E1349EC16B28;CHE;90;7;
S6;08/09/2022;113347;8000E13515E117FA;CHE;164;44;
S6;08/09/2022;113527;8000E13515E117DB;CHE;240;132;
S6;08/09/2022;113607;8000E13515E11810;CHE;269;202;
S6;08/09/2022;113926;8000E1349EC16B6D;CHE;93;9;
S6;08/09/2022;114012;8000E1349EC16C72;CHE;98;10;
S6;08/09/2022;114113;8000E1349EC16B40;CHE;116;16;
S6;08/09/2022;114145;8000E13515E11800;CHE;158;38;
S6;08/09/2022;114212;8000E13515E117F6;CHE;147;33;
S6;08/09/2022;114236;8000E13515E117ED;CHE;171;49;
S6;08/09/2022;114259;8000E13515E117E7;CHE;230;121;
S6;08/09/2022;114343;8000E13515E11811;CHE;305;265;
S6;08/09/2022;114517;8000E1349EC16B2E;BAF;92;9;
S6;08/09/2022;114740;8000E13515E117E4;BAF;199;66;
S6;08/09/2022;114815;8000E13515E11815;BAF;179;45;
S6;08/09/2022;114848;8000E13515E11812;BAF;129;18;
S6;08/09/2022;114953;8000E13515E117EE;BAF;193;61;
S6;08/09/2022;115039;8000E13515E11818;BAF;273;153;
S6;08/09/2022;115128;8000E13515E117F0;BAF;266;154;
S6;08/09/2022;115239;8000E1349EC16B42;BAF;119;17;
S6;08/09/2022;115409;8000E13515E117EF;BAF;273;154;
S6;08/09/2022;115513;8000E13515E11804;BAF;227;89;
S6;08/09/2022;115556;8000E13515E117DC;BAF;224;81;
S6;08/09/2022;115626;8000E13515E117EB;BAF;268;151;
S6;08/09/2022;115658;8000E13515E117D1;BAF;241;114;
S6;08/09/2022;115733;8000E13515E117FD;BAF;282;182;
S6;08/09/2022;115904;8000E13515E1181B;BAF;162;39;
S6;08/09/2022;120129;8000E13515E117E0;BAF;172;39;
S6;08/09/2022;120201;8000E13515E11808;BAF;156;31;
S6;08/09/2022;120243;8000E1349EAB9A9C;BAF;96;8;
S6;08/09/2022;120333;8000E1349EAB9A8A;BAF;100;9;
S6;08/09/2022;120415;8000E13515E1181A;BAF;188;55;
S6;08/09/2022;120455;8000E13515E117E9;BAF;218;84;
S6;08/09/2022;120635;8000E13515E11809;BAF;243;110;
S6;08/09/2022;120910;8000E1349EC16B30;BAF;100;12;
S6;08/09/2022;120936;8000E1349EC16B66;BAF;107;10;
S6;08/09/2022;121302;8000E13515E117FB;BAF;142;26;
S6;08/09/2022;121332;8000E13515E117C6;BAF;175;45;
S6;08/09/2022;121350;8000E13515E117C7;BAF;167;39;
S6;08/09/2022;121417;8000E13515E117E5;BAF;182;49;
S6;08/09/2022;121452;8000E13515E1181D;BAF;175;43;
S6;08/09/2022;121529;8000E13515E1180A;BAF;174;46;
S6;08/09/2022;121557;8000E1349EC16CB4;BAF;85;7;
S6;08/09/2022;121634;8000E1349EAB9A79;BAF;109;12;
S6;08/09/2022;121655;8000E1349EC16C62;BAF;119;13;
S6;08/09/2022;121754;8000E13515E117C8;BAF;179;45;
S6;08/09/2022;121824;8000E13515E117D7;BAF;132;18;
S6;08/09/2022;121853;8000E13515E1180D;BAF;172;41;
S6;08/09/2022;121916;8000E13515E11802;BAF;175;42;
S6;08/09/2022;121939;8000E13515E1181E;BAF;157;33;
S6;08/09/2022;122011;8000E13515E117DE;BAF;140;19;
S6;08/09/2022;122032;8000E13515E1180E;BAF;177;40;
S6;08/09/2022;122052;8000E13515E117E8;BAF;195;61;
S6;08/09/2022;122118;8000E13515E117C9;BAF;202;64;
S6;08/09/2022;122136;8000E13515E117C5;BAF;233;102;
S6;08/09/2022;122206;8000E13515E117EC;BAF;251;132;
S6;08/09/2022;122234;8000E13515E117FC;BAF;300;242;
S6;08/09/2022;122305;8000E1349EC16B6E;BAF;99;11;
S6;08/09/2022;122344;8000E1349EAB9704;BAF;100;9;
S6;08/09/2022;122449;8000E1349EC16C83;BAF;111;13;
S6;08/09/2022;122509;8000E1349EC16C9F;BAF;93;9;
S6;08/09/2022;122616;8000E1349EAD6A0A;BAF;107;13;
S6;08/09/2022;122646;8000E1349EAB9790;BAF;102;10;
S6;08/09/2022;122719;8000E13515E117CD;BAF;156;34;
S6;08/09/2022;122741;8000E13515E117D3;BAF;153;29;
S6;08/09/2022;122819;8000E13515E117D0;BAF;160;37;
S6;08/09/2022;122905;8000E13515E11817;BAF;141;29;
S6;08/09/2022;122924;8000E13515E117F8;BAF;140;23;
S6;08/09/2022;123003;8000E13515E117EA;BAF;182;50;
S6;08/09/2022;123027;8000E13515E117FE;BAF;146;29;
S6;08/09/2022;123120;8000E13515E11819;BAF;180;49;
S6;08/09/2022;123145;8000E13515E117F2;BAF;172;45;
S6;08/09/2022;123214;8000E13515E117F9;BAF;219;87;
S6;08/09/2022;123238;8000E13515E11814;BAF;159;34;
S6;08/09/2022;123258;8000E13515E117D9;BAF;145;24;
S6;08/09/2022;123332;8000E13515E117CA;BAF;197;66;
S6;08/09/2022;123353;8000E1349EAB9AA3;BAF;117;15;
S6;08/09/2022;123413;8000E1349EC16C8F;BAF;97;8;
S6;08/09/2022;123443;8000E1349EC16CA8;BAF;114;15;
S6;08/09/2022;123502;8000E1349EC16C9E;BAF;102;11;
S6;08/09/2022;123531;8000E1349EAB972A;BAF;100;9;
S6;08/09/2022;123614;8000E1349EC16B48;BAF;106;11;
S6;08/09/2022;123637;8000E1349EC16B6F;BAF;111;15;
S6;08/09/2022;123703;8000E13515E1180B;BAF;147;27;
S6;08/09/2022;123729;8000E13515E117DA;BAF;149;31;
S6;08/09/2022;123750;8000E13515E11805;BAF;163;36;
S6;08/09/2022;123844;8000E13515E117CB;BAF;159;38;
S6;08/09/2022;123948;8000E13515E117D5;BAF;143;24;
S6;08/09/2022;124012;8000E13515E11816;BAF;193;56;
S6;08/09/2022;124203;8000E1349EC16C5D;GOU;85;8;
S6;08/09/2022;124424;8000E1349EAB9A7E;GOU;99;11;
S6;08/09/2022;124528;8000E1349EC16B45;GOU;87;6;
S6;08/09/2022;124601;8000E1349EC16B68;GOU;92;6;
S6;08/09/2022;124637;8000E1349EC16B34;GOU;89;7;
S6;08/09/2022;124733;8000E1349EC16B49;GOU;94;7;
S6;08/09/2022;124800;8000E1349EC16C6E;GOU;84;5;
S6;08/09/2022;124827;8000E1349EAB976E;GOU;91;9;
S6;08/09/2022;124848;8000E1349EC16C82;GOU;95;9;
S6;08/09/2022;124937;8000E1349EC16C8C;GOU;84;5;
S6;08/09/2022;125003;8000E1349EC16C66;GOU;87;8;
S6;08/09/2022;125037;8000E1349EAB9A80;GOU;122;17;
S6;08/09/2022;125110;8000E1349EAB9A98;GOU;124;19;
S6;08/09/2022;125156;8000E1349EC16CA0;GOU;96;10;
S6;08/09/2022;125213;8000E1349EC16CAD;GOU;107;11;
S6;08/09/2022;125241;8000E1349EC16C74;GOU;101;12;
S6;08/09/2022;125305;8000E1349EAB977E;GOU;107;13;
S6;08/09/2022;125333;8000E1349EC16CA9;GOU;120;16;
S6;08/09/2022;125401;8000E1349EAB9A7A;GOU;125;18;
S6;08/09/2022;125424;8000E1349EC16C8D;GOU;116;17;
S6;08/09/2022;125456;8000E1349EC16C9B;BAF;85;7;
S6;08/09/2022;125745;8000E1349EC16C67;GAR;101;14;
S6;08/09/2022;130159;8000E1349EAB9AB5;GAR;99;13;
S6;08/09/2022;130302;8000E1349EAB96F2;GAR;109;11;
S6;08/09/2022;130322;8000E1349EAB979F;GAR;107;12;
S6;08/09/2022;130353;8000E1349EC16CB3;GAR;109;17;
S6;08/09/2022;130412;8000E1349EC16B3D;GAR;111;15;
S6;08/09/2022;130516;8000E1349EC16B6B;GAR;115;15;
S6;08/09/2022;130550;8000E1349EAB9A7F;GAR;115;12;
S6;08/09/2022;130906;8000E1349EC16CB2;GAR;97;11;
S6;08/09/2022;131042;8000E1349EA852BA;GAR;98;10;
S6;08/09/2022;131100;8000E1349EC16B2F;GAR;107;13;
S6;08/09/2022;131119;8000E1349EC16B3E;GAR;115;15;
S6;08/09/2022;131143;8000E1349EC16B4B;CHE;98;10;
S5;08/09/2022;131435;8000E1349EAB9AB2;GOU;109;11;
S5;08/09/2022;131839;8000E1349EC16C6A;GOU;119;19;
S5;08/09/2022;131907;8000E1349EC16C7E;GOU;91;7;
S5;08/09/2022;131927;8000E1349EC16B87;GOU;90;9;
S5;08/09/2022;131957;8000E1349EC16C88;BAF;93;7;
S5;08/09/2022;132033;8000E1349EC16C87;GOU;120;18;
S5;08/09/2022;132100;8000E1349EC16B47;GOU;129;19;
S5;08/09/2022;132123;8000E13515E117F7;BAF;184;46;
S5;08/09/2022;132155;8000E13515E1181C;BAF;364;443;
S5;08/09/2022;150508;8000E1349EC16B82;CHE;91;7;
S5;08/09/2022;150544;8000E1349EAB9729;CHE;88;7;
S5;08/09/2022;150613;8000E1349EAB9718;CHE;106;10;
S5;08/09/2022;150634;8000E1349EC16B2A;CHE;117;16;
S5;08/09/2022;150701;8000E1349EC16B6C;CHE;114;15;
S5;08/09/2022;150719;8000E1349EAB9921;CHE;117;15;
S5;08/09/2022;150742;8000E1349EC16B55;CHE;117;18;
S5;08/09/2022;150807;8000E1349EC16C7F;CHE;120;15;
S5;08/09/2022;150824;8000E1349EAB976C;CHE;114;16;
S5;08/09/2022;150844;8000E13515E4C1F5;CHE;141;25;
S5;08/09/2022;150911;8000E13515E117F3;CHE;160;35;
S5;08/09/2022;150928;8000E13515E117E1;CHE;192;71;
S5;08/09/2022;151011;8000E13515E4C1EC;CHE;205;88;
S5;08/09/2022;151032;8000E13515E11807;CHE;232;116;
S5;08/09/2022;151054;8000E13515E117D8;CHE;243;139;
S5;08/09/2022;151119;8000E13515E117D4;CHE;263;165;
S5;08/09/2022;151146;8000E13515E117E6;GAR;152;38;
S5;08/09/2022;151517;8000E1349EC16C99;VAN;128;18;
S5;08/09/2022;151818;8000E1349EC16B7E;GAR;95;8;
S5;08/09/2022;151850;8000E1349EAB9700;GAR;110;12;
S5;08/09/2022;151918;8000E1349EC16CB7;GAR;102;11;
S5;08/09/2022;151954;8000E1349EAB97A7;GAR;110;14;
S5;08/09/2022;152024;8000E1349EC16B83;GAR;85;7;
S5;08/09/2022;152055;8000E1349EC16C60;GAR;110;12;
S5;08/09/2022;152120;8000E1349EC16CAA;GAR;101;10;
S5;08/09/2022;152139;8000E1349EC16C64;GAR;114;16;
S5;08/09/2022;152158;8000E1349EC16C63;GAR;113;16;
S5;08/09/2022;152222;8000E1349EC16B74;GAR;116;15;
S5;08/09/2022;152402;8000E1349EAB9738;GAR;112;13;
S5;08/09/2022;152426;8000E1349EAB96EC;GAR;101;10;
S5;08/09/2022;152446;8000E1349EC16B57;GAR;106;11;
S5;08/09/2022;152510;8000E1349EC16C76;GAR;98;8;
S4;08/09/2022;152628;8000E1349EC16B39;GAR;110;11;
S4;08/09/2022;152735;8000E1349EC16B43;GAR;92;8;
S4;08/09/2022;152753;8000E1349EC16CA1;GAR;104;12;
S4;08/09/2022;152810;8000E1349EC16CA3;GAR;110;14;
S4;08/09/2022;152830;8000E13515E4C1F7;GAR;141;29;
S4;08/09/2022;152904;8000E13515E4C1EE;GAR;134;24;
S4;08/09/2022;152933;8000E13515E1180C;GAR;166;50;
S4;08/09/2022;153006;8000E13515E4C1DD;GAR;183;72;
S4;08/09/2022;153033;8000E13515E4C1EF;GAR;185;73;
S4;08/09/2022;153639;8000E1349EC16C7C;BAF;96;6;
S4;08/09/2022;153728;8000E1349EC16C8B;BAF;100;10;
S4;08/09/2022;153752;8000E1349EC16CA2;BAF;96;8;
S4;08/09/2022;153819;8000E1349EC16B31;BAF;100;10;
S4;08/09/2022;153836;8000E1349EC16C90;BAF;98;9;
S4;08/09/2022;153912;8000E1349EC16C94;BAF;102;9;
S4;08/09/2022;153942;8000E1349EAB97A6;BAF;114;13;
S4;08/09/2022;154002;8000E1349EC16B89;BAF;111;12;
S4;08/09/2022;154025;8000E1349EC16B58;BAF;125;12;
S4;08/09/2022;154050;8000E13515E4C1F2;BAF;152;32;
S4;08/09/2022;154111;8000E13515E4C1FA;BAF;172;42;
S4;08/09/2022;154132;8000E13515E4C1F0;BAF;152;30;
S4;08/09/2022;154158;8000E13515E4C1D5;BAF;222;85;
S4;08/09/2022;154220;8000E13515E4C1E1;BAF;248;112;
S4;08/09/2022;154257;8000E13515E4C1CA;BAF;300;220;
S4;08/09/2022;154327;8000E1349EC16B64;CHE;95;7;
S4;08/09/2022;154356;8000E1349EC16B7C;CHE;92;7;
S4;08/09/2022;154418;8000E1349EAB9A95;CHE;116;14;
S4;08/09/2022;154441;8000E1349EC16B4F;CHE;110;12;
S4;08/09/2022;154459;8000E1349EC16B78;CHE;100;9;
S4;08/09/2022;154516;8000E1349EC16B2D;CHE;118;16;
S4;08/09/2022;154538;8000E13515E117CC;CHE;148;29;
S4;08/09/2022;154602;8000E13515E1180F;CHE;160;36;
S4;08/09/2022;154618;8000E13515E4C1E9;CHE;176;50;
S4;08/09/2022;154635;8000E13515E117F1;CHE;211;94;
S4;08/09/2022;154655;8000E13515E117CF;CHE;199;73;
S4;08/09/2022;154829;8000E13515E4C1FD;CHE;210;89;
S4;08/09/2022;154928;8000E1349EC16CAE;GOU;90;8;
S4;08/09/2022;155034;8000E1349EC16B35;GOU;89;8;
S4;08/09/2022;155113;8000E1349EC16C7B;GOU;91;9;
S4;08/09/2022;155144;8000E1349EC16CA5;GOU;92;9;
S4;08/09/2022;155205;8000E1349EC16C77;GOU;93;9;
S4;08/09/2022;155235;8000E1349EC16C85;GOU;89;9;
S4;08/09/2022;155257;8000E1349EAB9A76;GOU;96;10;
S4;08/09/2022;155350;8000E1349EC16B85;GOU;115;16;
S4;08/09/2022;155442;8000E1349EC16B37;GOU;104;10;
S4;08/09/2022;155507;8000E1349EAB9A67;GOU;124;20;
S4;08/09/2022;155550;8000E1349EAB979A;GOU;135;25;
S4;08/09/2022;155633;8000E1349EC16B6A;GOU;97;8;
S4;08/09/2022;155702;8000E1349EC16B8A;GOU;90;8;
S4;08/09/2022;155739;8000E1349EC16CB1;GOU;107;12;
S4;08/09/2022;155802;8000E1349EC16B62;GOU;89;7;
S4;08/09/2022;155823;8000E1349EC16C92;GOU;93;8;
S4;08/09/2022;155859;8000E1349EC16CAC;GOU;101;10;
S4;08/09/2022;155918;8000E1349EC16B46;GOU;91;8;
S4;08/09/2022;155936;8000E1349EC16B63;GOU;117;14;
S4;08/09/2022;160021;8000E1349EC16CB5;GOU;93;9;
S4;08/09/2022;160200;8000E1349EC16B32;GOU;102;11;
S4;08/09/2022;160227;8000E1349EC16C5B;GOU;99;11;
S4;08/09/2022;160243;8000E1349EAB9753;GOU;90;7;
S4;08/09/2022;160309;8000E1349EAB9784;GOU;87;8;
S4;08/09/2022;160333;8000E1349EC16C6B;GOU;106;12;
S4;08/09/2022;160356;8000E1349EC16B61;GOU;121;16;
S4;08/09/2022;160425;8000E1349EC16C8E;GOU;112;13;
S4;08/09/2022;160443;8000E1349EC16B5E;GOU;103;10;
S4;08/09/2022;160505;8000E1349EC16B53;GOU;93;7;
S4;08/09/2022;160537;8000E1349EC16C9C;GOU;117;15;
S4;08/09/2022;160605;8000E1349EAB9AC0;GOU;90;8;
S4;08/09/2022;160622;8000E1349EC16B56;GOU;112;16;
S4;08/09/2022;160645;8000E1349EAD6A09;GOU;91;8;
S4;08/09/2022;160705;8000E1349EC16B81;GOU;140;27;
S4;08/09/2022;160752;8000E1349EC16B80;GOU;96;8;
S4;08/09/2022;161235;8000E1349EAB9711;GOU;95;7;
S4;08/09/2022;161254;8000E1349EAB973A;GOU;108;12;
S4;08/09/2022;161312;8000E1349EC16B51;GOU;90;7;
S4;08/09/2022;161329;8000E1349EC16B4D;GOU;89;7;
S4;08/09/2022;161350;8000E1349EC16B4A;GOU;95;7;
S4;08/09/2022;161406;8000E1349EAB9794;GOU;93;7;
S4;08/09/2022;161428;8000E1349EC16B5B;GOU;90;7;
S4;08/09/2022;161445;8000E1349EC16C73;GOU;109;13;
S4;08/09/2022;161526;8000E1349EC16B3F;GOU;126;19;
S4;08/09/2022;161545;8000E1349EC16B4C;GOU;95;9;
S4;08/09/2022;161601;8000E1349EAB9772;GOU;123;17;
S4;08/09/2022;161618;8000E1349EC16B7D;GOU;102;10;
S4;08/09/2022;161636;8000E1349EC16C86;GOU;90;8;
S4;08/09/2022;161653;8000E1349EC16B71;GOU;90;8;
S4;08/09/2022;161708;8000E1349EC16B7A;GOU;102;12;
S4;08/09/2022;161726;8000E1349EC16B69;GOU;89;9;
S4;08/09/2022;161752;8000E1349EC16CA7;GOU;93;10;
S4;08/09/2022;161819;8000E1349EC16B3C;GOU;91;9;
S4;08/09/2022;161840;8000E1349EC16CAB;GOU;96;9;
S4;08/09/2022;161908;8000E1349EC16C6F;GOU;93;8;
S4;08/09/2022;161929;8000E1349EC16CB0;GOU;89;7;
S4;08/09/2022;161952;8000E1349EC16B60;GOU;90;8;
S4;08/09/2022;162311;8000E1349EAB97A1;GOU;99;9;
S4;08/09/2022;162351;8000E1349EAB9706;GOU;90;7;
S4;08/09/2022;162410;8000E1349EC16B7B;GOU;92;8;
S4;08/09/2022;162426;8000E1349EC16C54;GOU;94;10;
S4;08/09/2022;162453;8000E1349EAB9A68;GOU;90;9;
S4;08/09/2022;162514;8000E1349EC16B3A;GOU;89;9;
S4;08/09/2022;162542;8000E1349EC16B44;GOU;100;10;
S4;08/09/2022;162607;8000E1349EAB972B;GOU;108;12;
S4;08/09/2022;162628;8000E1349EC16C6D;GOU;90;9;
S4;08/09/2022;162651;8000E1349EAB9AA4;GOU;90;8;
S4;08/09/2022;162720;8000E1349EC16C5F;GOU;91;8;
S4;08/09/2022;162741;8000E1349EC16B2C;GOU;95;9;
S4;08/09/2022;162802;8000E1349EAB9A6A;GOU;91;8;
S4;08/09/2022;162838;8000E1349EAB9A6C;GOU;118;16;
S4;08/09/2022;162859;8000E1349EC16CB6;GOU;113;13;
S4;08/09/2022;162917;8000E1349EC16C65;GOU;113;12;
S4;08/09/2022;162942;8000E1349EC16C5A;BAF;102;7;
S3;08/09/2022;163114;8000E1349EC16B70;GAR;112;15;
S3;08/09/2022;163406;8000E1349EC16B72;GAR;117;15;
S3;08/09/2022;163426;8000E13515E4C1FE;GAR;210;104;
S3;08/09/2022;163459;8000E13515E4C1E3;GAR;201;88;
S3;08/09/2022;163520;8000E13515E4C1CD;GAR;223;126;
S3;08/09/2022;163552;8000E1349EC16C68;GOU;122;17;
S3;08/09/2022;163954;8000E1349EC16CA4;CHE;100;9;
S3;08/09/2022;164021;8000E1349EC16B76;CHE;116;15;
S3;08/09/2022;164043;8000E1349EAB9720;CHE;90;7;
S3;08/09/2022;164110;8000E1349EAB9AA0;CHE;119;16;
S3;08/09/2022;164132;8000E1349EAB9757;CHE;120;15;
S3;08/09/2022;164154;8000E1349EC16C84;CHE;126;19;
S3;08/09/2022;164211;8000E1349EC16C9A;CHE;127;20;
S3;08/09/2022;164226;8000E13515E11813;CHE;146;30;
S3;08/09/2022;164248;8000E13515E117E2;CHE;170;44;
S3;08/09/2022;164313;8000E13515E4C1DB;CHE;160;38;
S3;08/09/2022;164340;8000E13515E4C1F9;CHE;156;33;
S3;08/09/2022;164401;8000E13515E4C1C0;CHE;197;75;
S3;08/09/2022;164437;8000E13515E4C1FF;CHE;210;85;
S3;08/09/2022;164454;8000E13515E1181F;CHE;232;115;
S3;08/09/2022;164526;8000E13515E117DF;CHE;215;96;
S3;08/09/2022;164557;8000E13515E11803;CHE;218;97;
S3;08/09/2022;164720;8000E13515E117E3;CHE;226;102;
S3;08/09/2022;164750;8000E13515E4C1F3;CHE;265;191;
S3;08/09/2022;164812;8000E1349EAB96ED;CHE;113;12;
S3;08/09/2022;164830;8000E1349EC16C81;CHE;100;8;
S3;08/09/2022;164844;8000E1349EC16B88;CHE;97;6;
S3;08/09/2022;164917;8000E1349EC16B75;CHE;111;13;
S3;08/09/2022;164937;8000E1349EC16CAF;CHE;95;8;
S3;08/09/2022;164957;8000E1349EC16C75;CHE;130;21;
S3;08/09/2022;165019;8000E1349EC16C78;CHE;129;21;
S3;08/09/2022;165048;8000E13515E4C1F4;CHE;159;35;
S3;08/09/2022;165112;8000E13515E117CE;CHE;172;47;
S3;08/09/2022;165130;8000E13515E117FF;CHE;176;52;
S3;08/09/2022;165210;8000E13515E4C1E7;CHE;168;44;
S3;08/09/2022;165240;8000E13515E11801;CHE;192;71;
S3;08/09/2022;165302;8000E13515E117D2;CHE;226;103;
S3;08/09/2022;165321;8000E13515E117F4;CHE;375;563;
S2;08/09/2022;165535;8000E1349EAB9A85;CHE;92;8;
S2;08/09/2022;165733;8000E1349EC16B54;CHE;90;6;
S2;08/09/2022;165758;8000E1349EC16B5D;CHE;111;13;
S2;08/09/2022;165812;8000E1349EC16B73;CHE;121;15;
S2;08/09/2022;165832;8000E1349EC16C7A;CHE;110;13;
S2;08/09/2022;165854;8000E1349EC16C8A;CHE;100;11;
S2;08/09/2022;165915;8000E1349EC16B3B;CHE;111;14;
S2;08/09/2022;165935;8000E13515E4C1D0;CHE;160;36;
S2;08/09/2022;170014;8000E13515E4C1D1;CHE;166;46;
S2;08/09/2022;170110;8000E13515E4C203;CHE;189;67;
S2;08/09/2022;170133;8000E13515E4C200;CHE;181;60;
S2;08/09/2022;170153;8000E13515E4C1DA;CHE;184;63;
S2;08/09/2022;170229;8000E13515E4C1D9;CHE;185;56;
S2;08/09/2022;170254;8000E13515E4C1E5;CHE;166;46;
S2;08/09/2022;170314;8000E13515E4C1E8;CHE;162;43;
S2;08/09/2022;170419;8000E1349EC16B38;CHE;85;6;
S2;08/09/2022;170449;8000E1349EAB973E;CHE;88;7;
S2;08/09/2022;170518;8000E1349EAB970E;CHE;92;8;
S2;08/09/2022;170606;8000E1349EC1728B;CHE;90;7;
S2;08/09/2022;170624;8000E1349EC16C91;CHE;94;10;
S2;08/09/2022;170639;8000E1349EAB978A;CHE;91;6;
S2;08/09/2022;170654;8000E1349EC16C69;CHE;91;7;
S2;08/09/2022;170711;8000E1349EC16C7D;CHE;92;8;
S2;08/09/2022;170731;8000E1349EAB9526;CHE;92;8;
S2;08/09/2022;170800;8000E1349EAB9741;CHE;114;13;
S2;08/09/2022;170820;8000E1349EC16C59;CHE;113;13;
S2;08/09/2022;170838;8000E1349EC17261;CHE;122;15;
S2;08/09/2022;170901;8000E13515E4C201;CHE;177;54;
S2;08/09/2022;170933;8000E13515E4C1CF;CHE;181;59;
S2;08/09/2022;171006;8000E13515E4C1BB;CHE;188;58;
S2;08/09/2022;171042;8000E13515E4C1BC;PER;190;80;
S2;08/09/2022;171812;8000E1349EC1724A;BAF;114;17;
S2;08/09/2022;171855;8000E1349EC17265;BAF;108;11;
S2;08/09/2022;172005;8000E1349EC16B41;BAF;115;16;
S2;08/09/2022;172043;8000E1349EC16C98;BAF;110;12;
S2;08/09/2022;172106;8000E1349EC16B52;BAF;107;11;
S2;08/09/2022;172134;8000E1349EAB9A72;BAF;108;11;
S2;08/09/2022;172154;8000E1349EC16C57;BAF;95;9;
S2;08/09/2022;172231;8000E1349EAB972E;BAF;103;11;
S2;08/09/2022;172247;8000E1349EC16B77;BAF;112;14;
S2;08/09/2022;172301;8000E1349EC17279;BAF;115;17;
S2;08/09/2022;172315;8000E1349EC17242;BAF;116;13;
S2;08/09/2022;172332;8000E1349EC17270;BAF;118;14;
S2;08/09/2022;172347;8000E1349EC17236;BAF;116;13;
S2;08/09/2022;172407;8000E1349EC17250;BAF;96;9;
S2;08/09/2022;172437;8000E1349EC1723E;BAF;104;12;
S2;08/09/2022;172455;8000E1349EC16C61;BAF;109;12;
S2;08/09/2022;172511;8000E1349EC16C6C;BAF;119;16;
S2;08/09/2022;172531;8000E1349EC17280;BAF;100;11;
S2;08/09/2022;172601;8000E1349EC16C97;BAF;114;15;
S2;08/09/2022;172625;8000E1349EC17234;BAF;122;19;
S2;08/09/2022;172655;8000E1349EC16C70;BAF;115;17;
S2;08/09/2022;172734;8000E1349EC17268;BAF;102;11;
S2;08/09/2022;172821;8000E1349EAB9A65;BAF;95;7;
S2;08/09/2022;172843;8000E1349EC17239;BAF;105;10;
S2;08/09/2022;172922;8000E1349EC17258;BAF;113;15;
S2;08/09/2022;172943;8000E1349EC16B86;BAF;122;16;
S2;08/09/2022;173005;8000E1349EC16C93;BAF;120;17;
S2;08/09/2022;173026;8000E1349EC16C5C;BAF;107;12;
S2;08/09/2022;173047;8000E1349EC16CA6;BAF;120;15;
S2;08/09/2022;173104;8000E1349EC17263;BAF;109;12;
S2;08/09/2022;173127;8000E1349EC17286;BAF;103;9;
S2;08/09/2022;173145;8000E1349EC1726C;BAF;118;16;
S2;08/09/2022;173202;8000E1349EC1725B;BAF;120;17;
S2;08/09/2022;173237;8000E1349EC17281;BAF;109;10;
S2;08/09/2022;173259;8000E1349EC1725E;BAF;101;9;
S2;08/09/2022;173341;8000E1349EC16C56;BAF;104;12;
S2;08/09/2022;173355;8000E1349EC17256;BAF;102;12;
S2;08/09/2022;173422;8000E1349EAB96E8;BAF;112;13;
S2;08/09/2022;173441;8000E1349EC17274;BAF;100;9;
S2;08/09/2022;173459;8000E1349EC16C95;BAF;97;9;
S2;08/09/2022;173527;8000E1349EC17262;BAF;94;9;
S2;08/09/2022;173547;8000E1349EC17275;BAF;100;8;
S2;08/09/2022;173605;8000E1349EC1726D;BAF;95;7;
S2;08/09/2022;173622;8000E1349EC1727F;BAF;104;9;
S2;08/09/2022;173645;8000E1349EC16B4E;GOU;95;10;
S2;08/09/2022;173800;8000E1349EC16B36;GOU;114;13;
S2;08/09/2022;173824;8000E1349EC17287;GOU;131;20;
S2;08/09/2022;173900;8000E1349EC1727E;GOU;95;8;
S2;08/09/2022;173931;8000E1349EC17285;GOU;92;9;
S2;08/09/2022;174004;8000E1349EC17291;GOU;97;12;
S2;08/09/2022;174038;8000E1349EC1723B;GOU;92;8;
S2;08/09/2022;174102;8000E1349EC1723F;GOU;91;7;
S2;08/09/2022;174128;8000E1349EC1725A;GOU;95;8;
S2;08/09/2022;174155;8000E1349EC1727D;GOU;92;8;
S2;08/09/2022;174218;8000E1349EC1726A;GOU;96;11;
S2;08/09/2022;174239;8000E1349EC17292;GOU;100;10;
S2;08/09/2022;174321;8000E1349EAB96E4;GOU;97;10;
S2;08/09/2022;174357;8000E1349EC17272;GOU;118;18;
S2;08/09/2022;174417;8000E1349EC16B79;GOU;115;15;
S2;08/09/2022;174502;8000E1349EC17288;GOU;120;18;
S2;08/09/2022;174531;8000E1349EC17264;GOU;102;8;
S2;08/09/2022;174550;8000E1349EC17259;GOU;108;13;
S2;08/09/2022;174612;8000E1349EC17282;GOU;95;10;
S2;08/09/2022;174630;8000E1349EC17248;GOU;92;8;
S2;08/09/2022;174651;8000E1349EC16B2B;GOU;100;10;
S2;08/09/2022;174715;8000E1349EC1727A;GOU;121;19;
S2;08/09/2022;174743;8000E1349EC17271;GOU;134;19;
S2;08/09/2022;174809;8000E1349EC17278;GOU;130;25;
S2;08/09/2022;174852;8000E13515E4C1BF;GAR;196;83;
S2;08/09/2022;174947;8000E1349EC1725C;GOU;115;15;
S2;08/09/2022;175018;8000E1349EC17290;GOU;128;21;
S2;08/09/2022;175111;8000E1349EC16C89;GOU;125;19;
S2;08/09/2022;175143;8000E1349EC17283;GOU;102;11;
S2;08/09/2022;175208;8000E1349EC17230;GOU;118;14;
S2;08/09/2022;175232;8000E1349EC16B8B;GOU;101;10;
S2;08/09/2022;175256;8000E1349EC17269;GOU;93;7;
S2;08/09/2022;175322;8000E1349EC17247;GOU;124;15;
S2;08/09/2022;175416;8000E1349EC17255;GOU;98;10;
S2;08/09/2022;175436;8000E1349EC17257;GOU;95;9;
S2;08/09/2022;175459;8000E1349EAB9ABF;GOU;101;10;
S2;08/09/2022;175526;8000E1349EC17233;GOU;122;17;
S2;08/09/2022;175553;8000E1349EAB9AC5;GOU;126;21;
S2;08/09/2022;175613;8000E1349EC16C96;GOU;93;9;
S2;08/09/2022;175638;8000E1349EC1724C;GOU;93;9;
S2;08/09/2022;175655;8000E1349EC16C5E;GOU;91;7;
S2;08/09/2022;175716;8000E1349EC17238;GOU;88;8;
S2;08/09/2022;175739;8000E1349EAB9AB7;GOU;92;7;
S2;08/09/2022;182648;8000E1349EC17244;GOU;121;17;
S2;08/09/2022;182756;8000E1349EC16C55;GOU;117;19;
S2;08/09/2022;182825;8000E1349EC1726E;GOU;112;16;
S2;08/09/2022;182847;8000E1349EAB9744;GOU;119;18;
S2;08/09/2022;182910;8000E1349EC16B65;GOU;89;7;
S2;08/09/2022;182933;8000E1349EC17246;GOU;105;9;
S2;08/09/2022;183014;8000E1349EC17245;GOU;106;13;
S2;08/09/2022;183033;8000E1349EC17276;GOU;124;23;
S2;08/09/2022;183101;8000E1349EC1728C;GOU;117;17;
S2;08/09/2022;183119;8000E1349EC1728D;GOU;119;17;
S2;08/09/2022;183149;8000E1349EC16B29;GOU;114;15;
S2;08/09/2022;183212;8000E1349EC17252;GOU;122;17;
S2;08/09/2022;183232;8000E1349EC17260;GOU;120;23;
S2;08/09/2022;183255;8000E1349EC16C9D;GOU;117;19;
S2;08/09/2022;183321;8000E1349EC1709C;GOU;135;23;
S2;08/09/2022;183340;8000E1349EC1728A;GOU;128;23;
S2;08/09/2022;183416;8000E1349EC17050;GOU;129;22;
S2;08/09/2022;183442;8000E1349EC1703E;GOU;136;27;
S1;08/09/2022;175912;8000E1349EC16B50;CHE;103;11;
S1;08/09/2022;180240;8000E1349EC17254;CHE;100;10;
S1;08/09/2022;180304;8000E1349EC1724F;CHE;99;9;
S1;08/09/2022;180323;8000E1349EC1723C;CHE;94;10;
S1;08/09/2022;180340;8000E1349EC1723D;GOU;104;12;
S1;08/09/2022;180359;8000E1349EC1728E;CHE;88;8;
S1;08/09/2022;180422;8000E1349EC17232;CHE;103;11;
S1;08/09/2022;180442;8000E1349EC17237;CHE;91;10;
S1;08/09/2022;180501;8000E1349EC1727C;CHE;89;9;
S1;08/09/2022;180518;8000E1349EC17277;CHE;88;8;
S1;08/09/2022;180535;8000E1349EC1723A;CHE;88;8;
S1;08/09/2022;180558;8000E1349EC17273;CHE;94;8;
S1;08/09/2022;181123;8000E1349EC1725D;BAF;104;10;
S1;08/09/2022;181139;8000E1349EC17240;BAF;117;16;
S1;08/09/2022;181155;8000E1349EC1724E;BAF;110;12;
S1;08/09/2022;181234;8000E1349EC17253;BAF;97;8;
S1;08/09/2022;181249;8000E1349EC17289;BAF;112;13;
S1;08/09/2022;181308;8000E1349EC1724D;BAF;98;9;
S1;08/09/2022;181330;8000E1349EC1726B;GAR;95;9;
S1;08/09/2022;181358;8000E1349EC1727B;GOU;90;8;
S1;08/09/2022;181757;8000E1349EC17267;GOU;91;9;
S1;08/09/2022;181811;8000E1349EC17266;GOU;112;13;
S1;08/09/2022;181832;8000E1349EC1725F;GOU;91;9;
S1;08/09/2022;181903;8000E1349EC17243;GOU;98;9;
S1;08/09/2022;181924;8000E1349EC17231;GOU;92;10;
S1;08/09/2022;181943;8000E1349EC17241;GOU;92;10;
S1;08/09/2022;182007;8000E1349EC1724B;GOU;94;7;
S1;08/09/2022;182043;8000E1349EC17284;GOU;130;24;
S1;08/09/2022;182106;8000E1349EC17249;GOU;118;15;
S1;08/09/2022;182152;8000E1349EC1728F;GOU;116;13;
S1;08/09/2022;182222;8000E1349EC1726F;GOU;114;14;
S1;08/09/2022;182251;8000E1349EC17251;GOU;92;8;
S1;08/09/2022;182317;8000E1349EC17235;GOU;100;10;
S1;08/09/2022;182342;8000E1349EC16B5F;GOU;90;7;
S1;08/09/2022;182400;8000E1349EC17293;GOU;94;8;
S1;08/09/2022;182420;8000E1349EC16B67;GOU;87;6;
S1;08/09/2022;182504;8000E1349EC1707E;GOU;90;8;
S1;08/09/2022;182520;8000E1349EC17069;GOU;88;10;
S1;08/09/2022;182542;8000E1349EAB9AC7;GOU;89;8;
S6;07/09/2023;112859;8000E1349EC16D32;BAF;145;25;
S6;07/09/2023;113045;8000E1349EC1699B;BAF;125;17;
S6;07/09/2023;113140;8000E13515E48255;BAF;258;147;
S6;07/09/2023;113223;8000E13515DF91DE;BAF;167;36;
S6;07/09/2023;113247;8000E1349EC16D57;BAF;104;14;
S6;07/09/2023;113314;8000E1349EC16D53;BAF;106;15;
S6;07/09/2023;113339;8000E13515DF91D3;BAF;342;326;
S6;07/09/2023;113436;8000E1349EC16D5F;BAF;110;12;
S6;07/09/2023;113502;8000E1349EC16998;BAF;109;12;
S6;07/09/2023;113531;8000E1349EC169C9;BAF;111;12;Ecaillé
S6;07/09/2023;113556;8000E1349EC16D4D;BAF;107;8;
S6;07/09/2023;113654;8000E1349EC16D1E;BAF;140;20;
S6;07/09/2023;113934;8000E1349EC169C4;BAF;113;14;
S6;07/09/2023;114009;8000E1349EC16D4F;BAF;101;9;
S6;07/09/2023;114035;8000E1349EC169F5;BAF;115;13;
S6;07/09/2023;114057;8000E1349EC16D47;BAF;107;11;
S6;07/09/2023;114119;8000E1349EC16D4E;BAF;110;10;
S6;07/09/2023;114146;8000E1349EC169C5;BAF;118;15;
S6;07/09/2023;114205;8000E1349EC16D36;BAF;140;23;
S6;07/09/2023;114234;8000E1349EC169CE;BAF;150;28;Ecaillé
S6;07/09/2023;114302;8000E13515DF91DC;BAF;160;34;
S6;07/09/2023;114330;8000E13515E48228;BAF;303;237;Ecaillé
S6;07/09/2023;114403;8000E1349EC1699F;BAF;97;8;
S6;07/09/2023;114427;8000E13515E4C1FC;BAF;234;109;
S6;07/09/2023;114457;8000E13515E117EC;BAF;269;164;Recapture
S6;07/09/2023;114548;8000E13515E48250;BAF;329;290;
S6;07/09/2023;114631;8000E1349EC169F2;BAF;99;8;
S6;07/09/2023;114706;8000E1349EC169CA;BAF;100;8;
S6;07/09/2023;114741;8000E1349EC16999;BAF;105;9;
S6;07/09/2023;114810;8000E1349EC169BE;BAF;109;11;
S6;07/09/2023;114850;8000E1349EC169A6;BAF;101;8;
S6;07/09/2023;114921;8000E1349EC16D58;BAF;113;14;
S6;07/09/2023;114951;8000E1349EC16D2B;BAF;117;15;
S6;07/09/2023;115018;8000E1349EC169F3;BAF;140;25;
S6;07/09/2023;115041;8000E1349EC169BF;BAF;127;15;
S6;07/09/2023;115101;8000E13515E48226;BAF;160;33;
S6;07/09/2023;115135;8000E943A20A915A;BAF;160;33;
S6;07/09/2023;115159;8000E13515E4822B;BAF;170;41;
S6;07/09/2023;115226;8000E13515E48257;BAF;210;78;
S6;07/09/2023;115253;8000E13515E4C1B9;BAF;236;111;
S6;07/09/2023;115321;8000E13515E4824B;BAF;311;242;
S6;07/09/2023;115403;8000E1349EC16D38;BAF;102;9;
S6;07/09/2023;115426;8000E1349EC169CB;BAF;104;11;
S6;07/09/2023;115452;8000E1349EC16D74;GOU;97;7;
S6;07/09/2023;115532;8000E1349EC16D30;BAF;126;16;
S6;07/09/2023;115605;8000E1349EC169B0;BAF;103;11;
S6;07/09/2023;115622;8000E1349EC16D77;BAF;105;8;
S6;07/09/2023;115647;8000E1349EC16D2A;BAF;113;14;
S6;07/09/2023;115711;8000E1349EC16D44;BAF;110;12;
S6;07/09/2023;115735;8000E1349EC169B7;BAF;125;16;
S6;07/09/2023;115758;8000E1349EC169EB;BAF;143;24;
S6;07/09/2023;115817;8000E13515E481EB;BAF;154;34;
S6;07/09/2023;115840;8000E1349EC16D67;BAF;148;28;
S6;07/09/2023;115900;8000E1349EC16D26;GOU;88;6;
S6;07/09/2023;120043;8000E1349EC16AFF;CHE;113;12;
S6;07/09/2023;120240;8000E1349EC16D59;CHE;101;11;
S6;07/09/2023;120302;8000E1349EC16D49;CHE;88;7;
S6;07/09/2023;120324;8000E1349EC169DF;CHE;93;9;
S6;07/09/2023;120348;8000E1349EC16B1E;CHE;85;7;
S6;07/09/2023;120414;8000E13515E4823C;CHE;152;31;
S6;07/09/2023;120451;8000E1349EC16D34;CHE;106;12;
S6;07/09/2023;120513;8000E1349EC16D6A;CHE;138;23;Ecaillé
S6;07/09/2023;120546;8000E1349EC16D65;CHE;124;18;
S6;07/09/2023;120611;8000E1349EC169C8;CHE;145;28;
S6;07/09/2023;120633;8000E1349EC16D33;CHE;136;26;
S6;07/09/2023;120653;8000E13515E4822C;CHE;159;37;
S6;07/09/2023;120711;8000E1349EC169DA;CHE;146;27;
S6;07/09/2023;120729;8000E13515E4C1E6;CHE;151;32;
S6;07/09/2023;120746;8000E13515E4C1B1;CHE;156;36;Saignement
S6;07/09/2023;120835;8000E13515E4C1AB;CHE;149;29;
S6;07/09/2023;120907;8000E13515E4EAB1;CHE;485;1234;
S6;07/09/2023;121202;8000E1349EC16B18;GAR;102;9;
S6;07/09/2023;121227;8000E1349EC16D25;GAR;92;8;Caudale dégradée
S6;07/09/2023;121311;8000E1349EC16D7D;GAR;88;7;Caudale dégradée
S6;07/09/2023;121341;8000E1349EC169C7;GAR;99;9;
S6;07/09/2023;121359;8000E1349EC16D39;GAR;90;7;
S6;07/09/2023;121427;8000E1349EC16D2D;GAR;92;7;Ecaillé
S6;07/09/2023;121456;8000E1349EC169EC;GAR;95;9;
S6;07/09/2023;121527;8000E1349EC16D5D;GAR;105;8;
S6;07/09/2023;121554;8000E1349EC169B4;GAR;99;6;
S6;07/09/2023;121627;8000E1349EC16D5E;GAR;123;18;
S6;07/09/2023;121651;8000E1349EC16D1C;GAR;125;24;Ecaillé
S6;07/09/2023;121720;8000E1349EC16D70;GAR;137;26;
S6;07/09/2023;121752;8000E1349EC169A0;GAR;134;25;
S6;07/09/2023;121821;8000E1349EC16ACA;CHE;110;11;
S6;07/09/2023;121856;8000E1349EC169E1;GAR;101;9;
S6;07/09/2023;121935;8000E1349EC16D5B;GAR;96;8;Ecaillé
S6;07/09/2023;122013;8000E1349EC169E6;GAR;98;7;Ecaillé
S6;07/09/2023;122039;8000E1349EC16D42;GAR;97;10;
S6;07/09/2023;122113;8000E1349EC16D1D;GAR;112;14;
S6;07/09/2023;122139;8000E1349EC169B5;GAR;113;13;Ecaillé
S6;07/09/2023;122208;8000E1349EC169E8;GAR;120;16;Ecaillé
S6;07/09/2023;122244;8000E1349EC16D24;GAR;88;5;Ecaillé
S6;07/09/2023;122314;8000E1349EC169B3;GAR;92;9;
S6;07/09/2023;122344;8000E1349EC16D3B;GAR;121;18;Ecaillé
S6;07/09/2023;122419;8000E1349EC169E4;GAR;92;6;
S6;07/09/2023;122451;8000E1349EC16D71;GAR;122;13;
S6;07/09/2023;123124;8000E1349EC169B2;GOU;85;8;
S6;07/09/2023;123149;8000E1349EC169E5;GOU;87;8;
S6;07/09/2023;123211;8000E1349EC16D76;GOU;90;7;
S6;07/09/2023;123234;8000E1349EC16B03;GOU;111;14;
S6;07/09/2023;123257;8000E1349EC16D7E;GOU;85;8;
S6;07/09/2023;123317;8000E1349EC169A5;GOU;96;8;
S6;07/09/2023;123340;8000E1349EC169D4;GOU;85;5;
S6;07/09/2023;123358;8000E1349EC169CC;GOU;92;6;
S6;07/09/2023;123427;8000E1349EC169BD;GOU;85;8;
S6;07/09/2023;123457;8000E1349EC16D21;GOU;85;5;
S6;07/09/2023;123521;8000E1349EC169A1;GOU;89;8;
S6;07/09/2023;123546;8000E1349EC16D20;GOU;85;7;
S6;07/09/2023;123615;8000E1349EC169A7;GOU;85;5;
S6;07/09/2023;123647;8000E1349EC169A8;GOU;93;7;
S6;07/09/2023;123715;8000E1349EC169AF;GOU;90;7;
S6;07/09/2023;123742;8000E1349EC16D27;GOU;112;15;
S6;07/09/2023;123802;8000E1349EC169C2;GOU;110;13;
S6;07/09/2023;123834;8000E1349EC169F1;GOU;125;19;
S6;07/09/2023;123913;8000E1349EC16D48;GOU;88;7;
S6;07/09/2023;123940;8000E1349EC169F9;GOU;110;16;
S6;07/09/2023;124024;8000E1349EC169E9;GOU;87;7;
S6;07/09/2023;124048;8000E1349EC169ED;GOU;100;10;
S6;07/09/2023;124111;8000E1349EC169AB;GOU;98;11;
S6;07/09/2023;124131;8000E1349EC16D73;GOU;93;8;
S6;07/09/2023;124151;8000E1349EC169C3;GOU;101;9;
S6;07/09/2023;124215;8000E1349EC16B23;GOU;129;20;
S6;07/09/2023;124251;8000E1349EC16AD3;GOU;104;11;
S6;07/09/2023;124310;8000E1349EC16D41;GOU;95;7;
S6;07/09/2023;124335;8000E1349EC169F4;GOU;85;6;
S6;07/09/2023;124406;8000E1349EC169AE;GOU;91;6;
S6;07/09/2023;124433;8000E1349EC16D3A;GOU;95;9;
S6;07/09/2023;124458;8000E1349EC169D0;GOU;102;14;
S6;07/09/2023;124536;8000E1349EC1699E;GOU;85;6;
S6;07/09/2023;124609;8000E1349EC169FB;GOU;85;6;
S6;07/09/2023;124706;8000E1349EC169F7;GOU;87;8;
S6;07/09/2023;124723;8000E1349EC16D43;GOU;86;7;
S6;07/09/2023;124759;8000E1349EC169EF;GOU;102;11;
S6;07/09/2023;124827;8000E1349EC16D45;GOU;95;9;
S6;07/09/2023;124902;8000E1349EC169CF;GOU;94;9;
S6;07/09/2023;124940;8000E1349EC16AD8;GOU;100;12;
S6;07/09/2023;125226;8000E1349EC16D3E;GOU;90;7;
S6;07/09/2023;125244;8000E1349EC16D23;GOU;96;9;
S6;07/09/2023;125348;8000E1349EC16D2C;GOU;101;9;
S6;07/09/2023;125409;8000E1349EC169B8;GOU;96;9;
S6;07/09/2023;125437;8000E1349EC16D52;GOU;95;9;
S6;07/09/2023;125456;8000E1349EC169D2;GOU;90;8;
S6;07/09/2023;125521;8000E1349EC169E7;GOU;93;8;
S6;07/09/2023;125543;8000E1349EC16D3F;GOU;90;8;
S6;07/09/2023;125605;8000E1349EC16D56;GOU;120;17;
S6;07/09/2023;125638;8000E1349EC16D7B;GOU;111;15;
S6;07/09/2023;125715;8000E1349EC169D1;GOU;108;15;
S6;07/09/2023;125742;8000E1349EC16D6F;GOU;108;10;
S6;07/09/2023;125820;8000E1349EC169CD;GOU;119;15;
S6;07/09/2023;125851;8000E1349EC169E2;GOU;92;9;
S5;07/09/2023;130914;8000E1349EC16D78;GOU;86;5;
S5;07/09/2023;130949;8000E1349EC16B0C;GOU;107;13;
S5;07/09/2023;131023;8000E1349EC16D2F;GOU;95;10;
S5;07/09/2023;131100;8000E1349EC16D35;GOU;87;8;
S5;07/09/2023;131120;8000E1349EC16D66;GOU;99;10;
S5;07/09/2023;131139;8000E1349EC169D6;GOU;101;10;Caudale dégradée
S5;07/09/2023;131208;8000E1349EC16D68;GOU;106;11;
S5;07/09/2023;131335;8000E1349EC16AEF;GOU;121;19;
S5;07/09/2023;131401;8000E1349EC16D72;GOU;88;6;
S5;07/09/2023;131434;8000E1349EC16D61;GOU;88;8;
S5;07/09/2023;131500;8000E1349EC16B25;GOU;97;11;
S5;07/09/2023;131525;8000E1349EC169BC;GOU;106;12;
S5;07/09/2023;131547;8000E1349EC16D46;GOU;90;7;
S5;07/09/2023;131613;8000E1349EC169AD;GOU;92;10;
S5;07/09/2023;131643;8000E1349EC16B1F;BAF;87;7;
S5;07/09/2023;131713;8000E1349EC16D29;BAF;107;14;
S5;07/09/2023;131737;8000E1349EC169B9;BAF;110;13;
S5;07/09/2023;131759;8000E13515E4822E;BAF;152;29;
S5;07/09/2023;131833;8000E13515E4823B;BAF;160;38;
S5;07/09/2023;131910;8000E13515E481F0;BAF;152;29;
S5;07/09/2023;131955;8000E13515DF91D5;BAF;235;98;
S5;07/09/2023;151820;8000E1349EC169C0;GAR;131;20;
S5;07/09/2023;151858;8000E1349EC169AC;GAR;95;9;Ecaillé
S5;07/09/2023;151922;8000E1349EC169D5;GAR;89;7;
S5;07/09/2023;151946;8000E1349EC16D63;GAR;90;6;
S5;07/09/2023;152013;8000E1349EC169B1;GAR;134;23;Ecaillé
S5;07/09/2023;152034;8000E1349EC16AFD;GAR;130;25;
S5;07/09/2023;152106;8000E1349EC169B6;GAR;146;18;
S5;07/09/2023;152127;8000E1349EC16D69;GAR;135;28;
S5;07/09/2023;152147;8000E1349EC169A9;GAR;142;29;
S5;07/09/2023;152211;8000E1349EC169D9;GAR;133;18;Ecaillé
S5;07/09/2023;152240;8000E1349EC16D31;GAR;147;23;Ecaillé
S5;07/09/2023;152258;8000E1349EC16D64;GAR;142;28;
S5;07/09/2023;152321;8000E943A20A9132;GAR;180;61;
S5;07/09/2023;152351;8000E13515E4C1F8;GAR;267;215;
S5;07/09/2023;152501;8000E1349EB2514D;GAR;94;7;
S5;07/09/2023;152526;8000E1349EC16ECD;GAR;91;7;
S5;07/09/2023;152545;8000E1349EB25152;GAR;124;19;
S5;07/09/2023;152608;8000E1349EC16D4C;GAR;136;24;
S5;07/09/2023;152627;8000E1349EC169FA;GAR;124;18;
S5;07/09/2023;152649;8000E1349EC16B01;GAR;141;28;
S5;07/09/2023;152717;8000E13515E4C1A7;GAR;154;34;
S5;07/09/2023;152738;8000E1349EC16D3C;GAR;96;9;
S5;07/09/2023;152811;8000E1349EC16EEA;CHE;95;8;
S5;07/09/2023;153032;8000E1349EC16D50;CHE;88;8;
S5;07/09/2023;153054;8000E1349EC16D79;CHE;92;5;
S5;07/09/2023;153119;8000E1349EB2515A;CHE;101;12;
S5;07/09/2023;153139;8000E1349EC16EE2;CHE;102;12;
S5;07/09/2023;153159;8000E1349EC16EDE;CHE;105;12;
S5;07/09/2023;153216;8000E1349EC16ED0;CHE;149;28;
S5;07/09/2023;153238;8000E13515DF91D7;CHE;157;34;
S5;07/09/2023;153307;8000E13515E4C1A4;CHE;189;63;Ecaillé
S5;07/09/2023;153331;8000E1349EC16B2A;CHE;165;38;Recapture
S5;07/09/2023;153421;8000E13515DF91DA;CHE;198;78;
S5;07/09/2023;153530;8000E1349EB25162;CHE;107;11;
S5;07/09/2023;153545;8000E1349EC16EFE;CHE;121;15;
S5;07/09/2023;153559;8000E1349EC16EB8;CHE;101;11;
S5;07/09/2023;153616;8000E1349EC16F0E;CHE;87;5;
S5;07/09/2023;153632;8000E1349EC16EAE;CHE;132;17;
S5;07/09/2023;153656;8000E1349EC16EC6;CHE;143;21;
S5;07/09/2023;153713;8000E1349EB2516A;CHE;148;32;
S5;07/09/2023;153737;8000E1349EC16EFF;CHE;141;26;
S5;07/09/2023;153822;8000E1349EB25126;CHE;133;22;
S5;07/09/2023;153842;8000E1349EC16B28;CHE;150;31;Recapture
S5;07/09/2023;153916;8000E13515E48227;CHE;155;34;
S5;07/09/2023;153937;8000E13515E48238;CHE;164;37;Ecaillé
S5;07/09/2023;153958;8000E13515E4C1EA;CHE;158;35;
S5;07/09/2023;154023;8000E13515E4C1EB;CHE;179;56;
S5;07/09/2023;154048;8000E13515E4C1A3;CHE;215;97;Ecaillé
S5;07/09/2023;154130;8000E1349EB25150;CHE;94;9;
S5;07/09/2023;154202;8000E1349EB2513B;CHE;106;6;
S5;07/09/2023;154228;8000E1349EB2514F;CHE;108;10;
S5;07/09/2023;154244;8000E1349EB25163;CHE;99;10;Ecaillé
S5;07/09/2023;154312;8000E1349EC16ED3;CHE;89;7;
S5;07/09/2023;154338;8000E1349EC16EF0;CHE;96;9;
S5;07/09/2023;154355;8000E1349EB25161;CHE;93;8;
S5;07/09/2023;154412;8000E1349EC16D6C;CHE;97;8;Ecaillé
S5;07/09/2023;154431;8000E1349EC16AF0;CHE;105;9;
S5;07/09/2023;154450;8000E1349EC169E0;CHE;94;8;
S5;07/09/2023;154507;8000E1349EB25132;CHE;97;9;
S5;07/09/2023;154525;8000E1349EC16F02;CHE;115;15;
S5;07/09/2023;154541;8000E1349EC169BB;CHE;86;5;
S5;07/09/2023;154644;8000E1349EC169D3;CHE;92;6;
S5;07/09/2023;154702;8000E1349EC16D60;CHE;94;9;
S5;07/09/2023;154721;8000E1349EC16D1F;CHE;93;6;Ecaillé
S5;07/09/2023;154743;8000E1349EC16B17;CHE;87;5;
S5;07/09/2023;154758;8000E1349EC16D5C;CHE;98;9;
S5;07/09/2023;154822;8000E1349EC16D6D;CHE;124;18;Ecaillé
S5;07/09/2023;154846;8000E1349EC16D75;CHE;107;11;
S5;07/09/2023;154904;8000E1349EC169DB;CHE;106;10;
S5;07/09/2023;154924;8000E1349EC16D7F;CHE;140;24;
S5;07/09/2023;154943;8000E13515E4824F;CHE;148;32;
S5;07/09/2023;155009;8000E1349EC169AA;CHE;135;22;
S5;07/09/2023;155026;8000E1349EC1699C;CHE;136;25;
S5;07/09/2023;155040;8000E13515E4C202;CHE;160;180;
S4;07/09/2023;155807;8000E13515E4C1CB;GAR;166;41;
S4;07/09/2023;155843;8000E13515E48251;GAR;195;74;
S4;07/09/2023;155905;8000E13515E4C1E0;GAR;212;107;
S4;07/09/2023;160002;8000E1349EC169D8;GAR;135;23;
S4;07/09/2023;160032;8000E13515E4C1AF;VAN;172;42;
S4;07/09/2023;160452;8000E13515E48223;GAR;187;70;
S4;07/09/2023;160520;8000E13515E48244;GAR;180;58;
S4;07/09/2023;160601;8000E13515E4C1CE;GAR;193;86;
S4;07/09/2023;160713;8000E1349EC16EF4;GAR;105;10;
S4;07/09/2023;160753;8000E1349EB25165;GAR;91;11;
S4;07/09/2023;160852;8000E1349EC16EF5;GAR;94;8;
S4;07/09/2023;160928;8000E1349EB25174;GAR;93;7;
S4;07/09/2023;161237;8000E1349EB2515D;GAR;126;20;
S4;07/09/2023;161303;8000E1349EB2513F;GAR;141;27;
S4;07/09/2023;161323;8000E1349EC16EED;GAR;137;29;
S4;07/09/2023;161340;8000E1349EC16D4A;GAR;132;20;
S4;07/09/2023;161358;8000E13515E4C1A9;GAR;176;54;
S4;07/09/2023;161859;8000E1349EC16EFD;BAF;87;9;
S4;07/09/2023;161941;8000E1349EB25184;BAF;104;9;
S4;07/09/2023;162016;8000E1349EC16F01;BAF;99;8;
S4;07/09/2023;162053;8000E1349EB2512E;BAF;118;12;
S4;07/09/2023;162117;8000E1349EC16EC1;BAF;136;22;
S4;07/09/2023;162140;8000E13515E4C1D7;BAF;156;31;
S4;07/09/2023;162202;8000E13515E4C1AA;BAF;213;78;
S4;07/09/2023;162231;8000E13515E4EAE0;BAF;265;151;
S4;07/09/2023;162322;8000E1349EC16EDD;GOU;111;13;
S4;07/09/2023;162347;8000E1349EB25171;GOU;94;7;
S4;07/09/2023;162409;8000E1349EB25130;GOU;96;11;
S4;07/09/2023;162437;8000E1349EB25137;GOU;95;9;
S4;07/09/2023;162456;8000E1349EB25173;GOU;92;7;
S4;07/09/2023;162513;8000E1349EC16F00;GOU;112;14;
S4;07/09/2023;162534;8000E1349EB2512F;GOU;111;12;
S4;07/09/2023;162558;8000E1349EB2A878;GOU;120;18;
S4;07/09/2023;162622;8000E1349EB2515B;GOU;100;9;
S4;07/09/2023;162644;8000E1349EC16B1D;GOU;101;10;
S4;07/09/2023;162704;8000E1349EC16EC9;GOU;90;7;
S4;07/09/2023;162724;8000E1349EB25144;GOU;102;11;
S4;07/09/2023;162746;8000E1349EB25158;GOU;88;7;
S4;07/09/2023;162806;8000E1349EC16D37;GOU;88;8;
S4;07/09/2023;162826;8000E1349EC16EDC;GOU;84;6;
S4;07/09/2023;162847;8000E1349EC16EB9;GOU;90;6;
S4;07/09/2023;162907;8000E1349EC16EDB;GOU;87;6;
S4;07/09/2023;162926;8000E1349EB25177;GOU;87;8;
S4;07/09/2023;162955;8000E1349EB25148;GOU;116;16;
S4;07/09/2023;163031;8000E1349EB25167;GOU;110;14;
S4;07/09/2023;163048;8000E1349EB2515E;GOU;108;14;
S4;07/09/2023;163112;8000E1349EC16B08;GOU;102;9;
S4;07/09/2023;163130;8000E1349EC16EE3;GOU;108;12;
S4;07/09/2023;163157;8000E1349EC16EBE;GOU;125;17;
S4;07/09/2023;163226;8000E1349EC16EEC;GOU;98;10;
S4;07/09/2023;163250;8000E1349EC16F0D;GOU;85;7;
S4;07/09/2023;163312;8000E1349EB25146;GOU;97;7;
S4;07/09/2023;163330;8000E1349EC169D7;GOU;104;10;
S4;07/09/2023;163345;8000E1349EC16EF6;GOU;101;11;
S4;07/09/2023;163403;8000E1349EC16EEB;GOU;92;7;
S4;07/09/2023;163425;8000E1349EB25159;GOU;93;8;
S4;07/09/2023;163442;8000E1349EC1699A;GOU;95;9;
S4;07/09/2023;163502;8000E1349EC16EDA;GOU;97;9;
S4;07/09/2023;163525;8000E1349EC16EFA;GOU;88;8;
S4;07/09/2023;163706;8000E1349EB2512D;GOU;95;7;
S4;07/09/2023;163726;8000E1349EB25180;GOU;89;8;
S4;07/09/2023;163741;8000E1349EB2512C;GOU;85;8;
S4;07/09/2023;163801;8000E1349EB2514E;GOU;87;7;
S4;07/09/2023;163820;8000E1349EC16ECA;GOU;86;6;
S4;07/09/2023;163846;8000E1349EC16F05;CHE;102;11;
S4;07/09/2023;163917;8000E1349EC16F03;CHE;105;13;
S4;07/09/2023;163939;8000E1349EC16F04;CHE;119;16;
S4;07/09/2023;164013;8000E1349EC16ED4;CHE;120;18;
S4;07/09/2023;164044;8000E1349EB25124;CHE;141;26;
S4;07/09/2023;164105;8000E1349EB25187;CHE;86;6;
S4;07/09/2023;164130;8000E1349EC16ED5;CHE;128;20;
S4;07/09/2023;164158;8000E1349EC169A2;CHE;155;31;
S4;07/09/2023;164231;8000E1349EC16EB2;CHE;111;13;
S4;07/09/2023;164301;8000E13515E481EA;CHE;184;59;
S4;07/09/2023;164332;8000E13515E4C1BD;CHE;157;28;
S4;07/09/2023;164350;8000E13515E48256;CHE;165;40;
S4;07/09/2023;164411;8000E13515E48249;CHE;159;48;Saignement
S4;07/09/2023;164439;8000E13515E4C1BA;CHE;206;86;
S4;07/09/2023;164513;8000E13515E4C1C8;CHE;215;101;
S4;07/09/2023;164538;8000E13515E4C1C4;CHE;230;130;
S4;07/09/2023;164602;8000E13515E4C1C3;CHE;264;208;
S4;07/09/2023;164737;8000E1349EC16EBD;CHE;129;19;
S4;07/09/2023;164811;8000E1349EC16EC5;CHE;125;17;
S4;07/09/2023;164827;8000E1349EC16F0F;CHE;131;23;
S4;07/09/2023;164850;8000E1349EB25151;CHE;105;9;Ecaillé
S4;07/09/2023;164915;8000E1349EB25156;CHE;112;14;
S4;07/09/2023;164934;8000E1349EC16F07;CHE;115;15;
S4;07/09/2023;165004;8000E1349EC16D5A;CHE;94;9;Ecaillé
S4;07/09/2023;165029;8000E1349EC16EBB;CHE;90;8;
S4;07/09/2023;165058;8000E1349EC16EF1;CHE;93;8;Ecaillé
S4;07/09/2023;165121;8000E1349EB2517E;CHE;127;23;
S4;07/09/2023;165141;8000E1349EB25139;CHE;92;7;
S4;07/09/2023;165228;8000E13515E4C1B2;CHE;166;42;
S4;07/09/2023;165325;8000E13515E4C1DE;CHE;174;50;
S4;07/09/2023;165348;8000E13515E4C1AC;CHE;154;32;
S4;07/09/2023;165439;8000E13515E4C1B6;CHE;161;38;
S4;07/09/2023;165504;8000E13515E48254;CHE;275;217;
S4;07/09/2023;165536;8000E1349EB2515C;CHE;148;28;Ecaillé
S4;07/09/2023;165559;8000E1349EB25128;CHE;149;29;
S4;07/09/2023;165630;8000E1349EB25181;CHE;101;9;
S4;07/09/2023;165658;8000E1349EB2512B;CHE;114;14;
S4;07/09/2023;165718;8000E1349EC16D55;CHE;91;6;Ecaillé
S4;07/09/2023;165737;8000E1349EB2517D;CHE;85;6;
S4;07/09/2023;165800;8000E1349EC16D28;CHE;89;9;Ecaillé
S4;07/09/2023;165819;8000E1349EC16EC3;CHE;85;6;
S4;07/09/2023;165842;8000E1349EAB9718;CHE;151;27;Recapture
S4;07/09/2023;165917;8000E1349EC169BA;CHE;140;25;
S4;07/09/2023;165945;8000E1349EC16ED2;CHE;104;12;
S4;07/09/2023;170008;8000E1349EC16AF9;CHE;97;8;Ecaillé
S4;07/09/2023;170029;8000E1349EC16EE4;CHE;132;20;
S4;07/09/2023;170049;8000E1349EC16D7C;CHE;98;9;Ecaillé
S4;07/09/2023;170111;8000E1349EB2515F;CHE;141;27;
S4;07/09/2023;170131;8000E1349EB25172;CHE;127;16;
S4;07/09/2023;170152;8000E13515E48230;CHE;152;33;
S4;07/09/2023;170209;8000E13515E4C1B8;CHE;157;42;
S4;07/09/2023;170230;8000E13515E4C1CC;CHE;168;40;
S4;07/09/2023;170246;8000E13515DF91D6;CHE;168;45;Ecaillé
S4;07/09/2023;170308;8000E13515E4823A;CHE;185;63;
S4;07/09/2023;170339;8000E13515E4C1B3;CHE;218;104;
S4;07/09/2023;170422;8000E13515E48253;CHE;243;164;
S4;07/09/2023;170451;8000E13515E48248;CHE;274;200;
S4;07/09/2023;170807;8000E13515E117F5;CHE;167;43;
S4;07/09/2023;170931;8000E1349EB2514A;CHE;129;22;Ecaillé
S4;07/09/2023;171001;8000E1349EB25143;CHE;144;27;
S4;07/09/2023;171019;8000E1349EC16ED6;CHE;135;23;
S4;07/09/2023;171038;8000E1349EC16EC2;CHE;142;26;
S4;07/09/2023;171058;8000E1349EC169A3;CHE;145;32;
S4;07/09/2023;171128;8000E1349EC16ECE;CHE;135;23;
S4;07/09/2023;171149;8000E1349EB25183;CHE;119;14;
S4;07/09/2023;171205;8000E1349EC16EE1;CHE;146;26;
S4;07/09/2023;171222;8000E1349EB25178;CHE;100;10;
S4;07/09/2023;171239;8000E1349EC16ECC;CHE;103;10;
S4;07/09/2023;171255;8000E1349EB2516F;CHE;108;11;Ecaillé
S4;07/09/2023;171330;8000E1349EC16EEF;CHE;112;14;
S4;07/09/2023;171356;8000E1349EC16ED8;CHE;97;8;
S4;07/09/2023;171417;8000E13515E4C1B0;CHE;225;115;
S4;07/09/2023;171443;8000E13515E4C1A1;CHE;154;33;
S3;07/09/2023;171643;8000E13515E48241;PER;225;169;
S3;07/09/2023;171803;8000E1349EB25164;GRE;138;34;
S3;07/09/2023;172358;8000E1349EB25170;BAF;136;20;
S3;07/09/2023;172432;8000E13515E481E8;BAF;254;138;
S3;07/09/2023;172502;8000E13515E4C1A2;BAF;281;187;Saignement
S3;07/09/2023;172541;8000E1349EC16B02;GOU;86;9;
S3;07/09/2023;172613;8000E1349EC16F0A;GOU;105;12;
S3;07/09/2023;172637;8000E1349EC16D54;GOU;107;16;
S3;07/09/2023;172705;8000E1349EB25160;GOU;93;10;
S3;07/09/2023;172727;8000E1349EB25141;GOU;88;8;
S3;07/09/2023;172756;8000E1349EC16EF2;TAN;102;16;
S3;07/09/2023;172956;8000E1349EC16F0B;CHE;111;13;
S3;07/09/2023;173035;8000E1349EC16EF3;CHE;120;18;
S3;07/09/2023;173211;8000E1349EB25186;CHE;124;24;
S3;07/09/2023;173807;8000E1349EB2517F;CHE;140;25;
S3;07/09/2023;173841;8000E1349EB25142;CHE;125;20;
S3;07/09/2023;173916;8000E13515E4822D;CHE;164;43;
S3;07/09/2023;173945;8000E13515E4C1AD;CHE;160;38;
S3;07/09/2023;174014;8000E13515E4C1D3;CHE;198;78;
S3;07/09/2023;174038;8000E13515E4C1B7;CHE;170;50;
S3;07/09/2023;174103;8000E13515E48224;CHE;150;32;Ecaillé
S3;07/09/2023;174142;8000E13515E4824D;CHE;161;39;
S3;07/09/2023;174215;8000E13515E48242;CHE;173;49;
S3;07/09/2023;174337;8000E13515E4EAD3;CHE;160;42;
S3;07/09/2023;174405;8000E13515E48229;CHE;180;58;Ecaillé
S3;07/09/2023;174442;8000E943A20A917B;CHE;205;83;Ecaillé
S3;07/09/2023;174515;8000E13515E117FF;CHE;217;115;Recapture
S3;07/09/2023;174539;8000E13515E4EAD5;CHE;275;219;Ecaillé
S3;07/09/2023;174649;8000E1349EB25179;CHE;97;9;
S3;07/09/2023;174709;8000E1349EC16EB0;CHE;115;14;Ecaillé
S3;07/09/2023;174728;8000E1349EC16EBA;CHE;95;8;
S3;07/09/2023;174745;8000E1349EB25133;CHE;97;9;
S3;07/09/2023;174806;8000E1349EC16EB5;CHE;108;11;Ecaillé
S3;07/09/2023;174823;8000E1349EC16EC8;CHE;116;14;
S3;07/09/2023;174841;8000E1349EC16EE8;CHE;128;20;
S3;07/09/2023;174905;8000E1349EC16EDF;CHE;124;18;Ecaillé
S3;07/09/2023;174926;8000E1349EB2516D;CHE;150;32;Ecaillé
S3;07/09/2023;174948;8000E1349EC16C7D;CHE;139;24;Recapture
S3;07/09/2023;175019;8000E13515E4822A;CHE;157;42;Caudale dégradée
S3;07/09/2023;175051;8000E1349EB2513E;CHE;136;23;
S3;07/09/2023;175109;8000E1349EC16EC4;CHE;128;20;Ecaillé
S3;07/09/2023;175134;8000E1349EB25125;CHE;156;38;
S3;07/09/2023;175157;8000E1349EB25134;CHE;150;34;
S3;07/09/2023;175229;8000E1349EC16EFB;CHE;111;14;
S3;07/09/2023;175253;8000E1349EC16EBF;CHE;109;12;
S3;07/09/2023;175319;8000E1349EC1699D;CHE;91;8;
S3;07/09/2023;175344;8000E1349EC16EF8;CHE;144;28;
S3;07/09/2023;175413;8000E1349EC169A4;CHE;104;9;
S3;07/09/2023;175435;8000E1349EB2514B;CHE;92;8;
S3;07/09/2023;175504;8000E13515E48222;CHE;196;81;
S3;07/09/2023;175954;8000E1349EC16EF7;GAR;104;13;Ecaillé
S3;07/09/2023;180023;8000E1349EC16F09;GAR;109;13;Ecaillé
S3;07/09/2023;180047;8000E1349EB2516B;GAR;103;11;
S3;07/09/2023;180153;8000E1349EC169C1;GAR;91;7;
S3;07/09/2023;180216;8000E1349EB25166;GAR;97;9;
S3;07/09/2023;180239;8000E1349EC16D22;GAR;103;10;Ecaillé
S3;07/09/2023;180304;8000E1349EC16EE9;GAR;125;21;
S3;07/09/2023;180331;8000E1349EB25155;GAR;106;12;
S3;07/09/2023;180353;8000E1349EC16EB7;GAR;100;9;
S3;07/09/2023;180447;8000E13515E4823D;GAR;148;31;
S3;07/09/2023;180526;8000E1349EC169EE;GAR;143;33;Ecaillé
S3;07/09/2023;180555;8000E1349EB25140;GAR;136;26;
S3;07/09/2023;180613;8000E1349EB25157;GAR;140;32;Ecaillé
S3;07/09/2023;180634;8000E1349EC16ED1;GAR;138;30;
S3;07/09/2023;180705;8000E1349EC16D2E;GAR;109;12;
S3;07/09/2023;180731;8000E1349EB2513A;GAR;100;8;Ecaillé
S3;07/09/2023;180752;8000E1349EC16ECB;GAR;96;14;
S3;07/09/2023;180820;8000E1349EB25169;GAR;93;8;
S3;07/09/2023;180902;8000E1349EB25176;GAR;100;9;Ecaillé
S3;07/09/2023;180921;8000E1349EB25185;GAR;107;14;Ecaillé
S3;07/09/2023;180945;8000E1349EC16EB1;GAR;99;10;Ecaillé
S3;07/09/2023;181005;8000E1349EB2516C;GAR;86;7;Ecaillé
S3;07/09/2023;181029;8000E1349EB25149;GAR;105;11;Ecaillé
S3;07/09/2023;181050;8000E1349EC16EB3;GAR;111;14;
S3;07/09/2023;181111;8000E1349EC16EC7;GAR;88;6;Ecaillé
S3;07/09/2023;181132;8000E1349EC16EAF;GAR;128;20;Ecaillé
S3;07/09/2023;181152;8000E1349EC16EE7;GAR;102;10;
S3;07/09/2023;181211;8000E1349EB25135;GAR;99;8;
S3;07/09/2023;181229;8000E1349EB2516E;GAR;101;11;
S3;07/09/2023;181250;8000E1349EB25154;GAR;143;29;Ecaillé
S3;07/09/2023;181309;8000E1349EC16EB4;GAR;141;28;
S3;07/09/2023;181329;8000E1349EB2517A;GAR;135;24;Ecaillé
S2;07/09/2023;181821;8000E1349EC16EC0;CHE;87;8;
S2;07/09/2023;181854;8000E1349EC16F06;CHE;106;11;
S2;07/09/2023;181912;8000E1349EC16EBC;CHE;107;13;
S2;07/09/2023;181926;8000E1349EB25182;CHE;92;8;
S2;07/09/2023;181942;8000E1349EB25147;CHE;126;18;
S2;07/09/2023;181956;8000E1349EB25136;CHE;95;8;
S2;07/09/2023;182014;8000E1349EC16ED9;CHE;111;13;
S2;07/09/2023;182031;8000E1349EC169E3;CHE;124;21;
S2;07/09/2023;182053;8000E13515E4C1BE;CHE;163;43;
S2;07/09/2023;182107;8000E13515E4C1B5;CHE;174;54;
S2;07/09/2023;182126;8000E13515E4823E;CHE;173;50;
S2;07/09/2023;182141;8000E13515E4C1F6;CHE;166;47;
S2;07/09/2023;182152;8000E13515E4C201;CHE;205;88;Recapture*
S2;07/09/2023;182213;8000E1349EC16AE9;CHE;137;26;
S2;07/09/2023;182325;8000E1349EC16EFC;CHE;93;9;
S2;07/09/2023;182345;8000E1349EB2512A;CHE;96;8;
S2;07/09/2023;182405;8000E1349EB2517C;CHE;108;13;
S2;07/09/2023;182425;8000E1349EC16EAC;CHE;145;26;
S2;07/09/2023;182454;8000E13515E4C1C7;CHE;152;34;
S2;07/09/2023;182511;8000E13515E48232;CHE;152;32;
S2;07/09/2023;182530;8000E13515E4C1DF;CHE;206;86;
S2;07/09/2023;182546;8000E13515E11801;CHE;212;98;Recapture*
S2;07/09/2023;182624;8000E1349EB25131;GOU;97;9;
S2;07/09/2023;182702;8000E1349EB25129;CHE;88;7;
S2;07/09/2023;182813;8000E1349EB2517B;CHE;100;11;
S2;07/09/2023;182854;8000E1349EC16EEE;CHE;99;9;Ecaillé
S2;07/09/2023;182914;8000E1349EB25168;CHE;104;11;
S2;07/09/2023;182930;8000E1349EC16F08;CHE;100;11;
S2;07/09/2023;182947;8000E1349EC16EF9;CHE;101;10;
S2;07/09/2023;183016;8000E1349EB2514C;CHE;96;9;
S2;07/09/2023;183038;8000E1349EC16D4B;CHE;96;8;Ecaillé
S2;07/09/2023;183056;8000E1349EC169EA;CHE;110;14;
S2;07/09/2023;183116;8000E1349EB2513D;CHE;118;17;Ecaillé
S2;07/09/2023;183138;8000E1349EB2513C;CHE;125;21;
S2;07/09/2023;183153;8000E1349EC16F0C;CHE;137;27;
S2;07/09/2023;183241;8000E13515E481E9;TRF;200;83;
S2;07/09/2023;183341;8000E1349EC17070;BAF;89;7;
S2;07/09/2023;183701;8000E1349EC17088;BAF;118;16;
S2;07/09/2023;183727;8000E1349EC17072;BAF;100;10;
S2;07/09/2023;183746;8000E1349EC1709B;BAF;100;11;
S2;07/09/2023;183811;8000E1349EC17062;BAF;98;10;
S2;07/09/2023;183830;8000E1349EC1706E;BAF;103;11;
S2;07/09/2023;183852;8000E1349EC1703C;BAF;100;9;
S2;07/09/2023;183916;8000E1349EC17080;BAF;107;11;
S2;07/09/2023;183932;8000E1349EC17040;BAF;88;6;
S2;07/09/2023;183955;8000E1349EC17061;BAF;106;10;
S2;07/09/2023;184020;8000E1349EC17077;BAF;105;11;
S2;07/09/2023;184046;8000E1349EC1703F;BAF;112;13;
S2;07/09/2023;184122;8000E1349EC1708C;BAF;111;13;
S2;07/09/2023;184150;8000E943A20A9154;BAF;155;32;
S2;07/09/2023;184215;8000E13515E481EF;BAF;161;36;
S2;07/09/2023;184242;8000E1349EC17057;GOU;93;9;
S2;07/09/2023;184321;8000E1349EC1706F;BAF;102;9;
S2;07/09/2023;184351;8000E1349EC17085;BAF;97;8;
S2;07/09/2023;184410;8000E1349EC1707D;BAF;92;8;
S2;07/09/2023;184430;8000E1349EC16B7F;BAF;98;9;
S2;07/09/2023;184447;8000E1349EC17049;BAF;100;8;
S2;07/09/2023;184505;8000E1349EC17099;BAF;98;9;
S2;07/09/2023;184520;8000E1349EC17044;BAF;94;9;
S2;07/09/2023;184536;8000E1349EC17048;BAF;92;8;
S2;07/09/2023;184552;8000E1349EC17043;BAF;120;16;
S2;07/09/2023;184610;8000E1349EC1704B;BAF;114;14;
S2;07/09/2023;184623;8000E1349EC1704A;BAF;113;18;
S2;07/09/2023;184638;8000E1349EC17090;BAF;117;14;
S2;07/09/2023;184653;8000E1349EC17052;BAF;125;16;
S2;07/09/2023;184712;8000E1349EC1706A;BAF;134;21;
S2;07/09/2023;184726;8000E1349EC17071;BAF;99;10;
S2;07/09/2023;184740;8000E13515E4C1ED;BAF;172;42;
S2;07/09/2023;184858;8000E13515E4C1C6;BAF;172;47;
S2;07/09/2023;185128;8000E1349EC1708F;BAF;101;10;
S2;07/09/2023;185201;8000E1349EC1707B;BAF;90;8;
S2;07/09/2023;185217;8000E1349EC17074;BAF;105;14;
S2;07/09/2023;185242;8000E1349EC17042;BAF;106;11;
S2;07/09/2023;185306;8000E1349EC1704C;BAF;92;8;
S2;07/09/2023;185320;8000E1349EC17075;BAF;109;12;
S2;07/09/2023;185346;8000E1349EC16B5C;BAF;111;12;
S2;07/09/2023;185402;8000E1349EC17079;BAF;112;14;
S2;07/09/2023;185416;8000E1349EC17073;BAF;107;13;
S2;07/09/2023;185432;8000E1349EC17087;BAF;106;14;
S2;07/09/2023;185447;8000E1349EC17060;BAF;116;13;
S2;07/09/2023;185501;8000E1349EC17066;BAF;86;7;
S2;07/09/2023;185518;8000E1349EC1708D;BAF;105;10;
S2;07/09/2023;185535;8000E1349EC17065;BAF;126;17;
S2;07/09/2023;185554;8000E1349EC17047;BAF;128;20;
S2;07/09/2023;185609;8000E1349EC17092;BAF;112;12;
S2;07/09/2023;185627;8000E1349EC17091;BAF;126;18;
S2;07/09/2023;185645;8000E1349EC1709E;BAF;147;29;
S2;07/09/2023;185709;8000E13515E4824E;BAF;159;37;
S2;07/09/2023;185750;8000E1349EC17288;GOU;128;20;Recapture
S2;07/09/2023;185821;8000E1349EC17058;GOU;96;12;
S2;07/09/2023;185842;8000E1349EC1706D;GOU;98;9;
S2;07/09/2023;185900;8000E1349EC17096;GOU;109;13;
S2;07/09/2023;185914;8000E1349EC1708B;GOU;94;9;
S2;07/09/2023;190032;8000E1349EC17086;GOU;97;10;
S2;07/09/2023;190054;8000E1349EC17054;GOU;105;13;Caudale dégradée
S2;07/09/2023;190117;8000E1349EC17067;GOU;110;14;
S2;07/09/2023;190134;8000E1349EC17089;GOU;102;10;
S2;07/09/2023;190156;8000E1349EC17045;GOU;97;10;
S2;07/09/2023;190213;8000E1349EC17046;GOU;105;10;
S2;07/09/2023;190232;8000E1349EC1705A;GOU;94;8;
S2;07/09/2023;190259;8000E1349EC17053;GOU;95;7;
S2;07/09/2023;190325;8000E1349EC1709A;GOU;89;6;
S2;07/09/2023;190346;8000E1349EC17082;GOU;85;6;
S2;07/09/2023;190406;8000E1349EC16B33;GOU;89;8;
S2;07/09/2023;190428;8000E1349EC1708E;GOU;93;8;
S2;07/09/2023;190455;8000E1349EC1708A;GOU;93;8;
S2;07/09/2023;190512;8000E1349EC17076;GOU;85;7;
S2;07/09/2023;190533;8000E1349EC17084;GOU;86;7;
S2;07/09/2023;190614;8000E1349EC16B5A;GOU;100;12;
S2;07/09/2023;190638;8000E1349EC1705C;GOU;92;8;
S2;07/09/2023;190701;8000E1349EC17041;GOU;93;8;
S2;07/09/2023;190744;8000E1349EC1704E;GOU;102;11;
S2;07/09/2023;190809;8000E1349EC1707A;GOU;100;10;
S2;07/09/2023;190839;8000E1349EC1705F;GOU;104;11;
S2;07/09/2023;190908;8000E1349EC17056;GOU;93;8;
S2;07/09/2023;190927;8000E1349EC1709D;GOU;97;10;
S2;07/09/2023;190945;8000E1349EC17081;GOU;101;11;
S2;07/09/2023;191007;8000E1349EC1709F;GOU;107;13;
S2;07/09/2023;191027;8000E1349EC16EE6;GOU;106;10;
S2;07/09/2023;191045;8000E1349EC17097;GOU;89;8;
S2;07/09/2023;191105;8000E1349EC1704F;GOU;89;7;
S2;07/09/2023;191128;8000E1349EC17078;GOU;86;7;
S2;07/09/2023;191151;8000E1349EC1703D;GOU;93;9;
S2;07/09/2023;191206;8000E1349EC17051;GOU;119;13;
S2;07/09/2023;191243;8000E1349EC1704D;GOU;94;9;
S2;07/09/2023;191302;8000E1349EC1706B;GOU;88;7;
S2;07/09/2023;191325;8000E1349EC1707F;GOU;90;8;
S2;07/09/2023;191359;8000E1349EC1706C;GOU;86;6;
S2;07/09/2023;191425;8000E1349EC17068;GOU;92;8;
S2;07/09/2023;191448;8000E1349EC17083;GOU;88;7;
S2;07/09/2023;191510;8000E1349EC17094;GOU;86;6;
S2;07/09/2023;191530;8000E1349EC17098;GOU;100;10;
S2;07/09/2023;191553;8000E1349EC1705E;GOU;100;10;
S2;07/09/2023;191615;8000E1349EC17093;GOU;100;10;
S2;07/09/2023;191632;8000E1349EC17055;GOU;114;15;
S2;07/09/2023;191652;8000E1349EC1705D;GOU;105;12;
S2;07/09/2023;191710;8000E1349EC17063;GOU;101;12;
S2;07/09/2023;191733;8000E1349EC1707C;GOU;105;11;
S2;07/09/2023;191749;8000E1349EC16B59;GOU;110;13;
S2;07/09/2023;191812;8000E1349EC1705B;GOU;98;9;
S2;07/09/2023;191832;8000E1349EC17059;GOU;94;8;
S2;07/09/2023;191855;8000E1349EC17064;GOU;95;8;
S2;07/09/2023;191909;8000E1349EC17095;GOU;88;8;
S2;07/09/2023;191933;8000E1349EC16D88;GOU;86;7;
S2;07/09/2023;191951;8000E1349EC16DBD;GOU;84;6;
S2;07/09/2023;192011;8000E1349EC16DCD;GOU;88;7;
S2;07/09/2023;192032;8000E1349EC16D85;GOU;101;10;
S2;07/09/2023;192052;8000E1349EC16DC1;GOU;93;9;
S2;07/09/2023;192110;8000E1349EC16DB4;GOU;92;8;
S1;07/09/2023;192359;8000E1349EC16D81;BAF;112;13;
S1;07/09/2023;192837;8000E1349EC16DC8;BAF;112;13;
S1;07/09/2023;192858;8000E1349EC16D8B;BAF;108;11;
S1;07/09/2023;192915;8000E1349EC16D82;BAF;103;9;
S1;07/09/2023;192934;8000E1349EC16DCE;BAF;86;6;Saignement
S1;07/09/2023;192956;8000E1349EC16D86;BAF;101;9;
S1;07/09/2023;193015;8000E1349EC16DB5;BAF;112;12;
S1;07/09/2023;193030;8000E1349EC16DC3;BAF;109;12;
S1;07/09/2023;193046;8000E1349EC16D96;BAF;119;15;
S1;07/09/2023;193103;8000E1349EC16D99;BAF;121;16;
S1;07/09/2023;193118;8000E1349EC16D8A;BAF;157;33;
S1;07/09/2023;193138;8000E1349EC16DA1;GOU;122;15;
S1;07/09/2023;193251;8000E1349EC16DC0;GOU;100;9;
S1;07/09/2023;193308;8000E1349EC16D80;GOU;95;11;
S1;07/09/2023;193328;8000E1349EC16D9E;GOU;90;8;
S1;07/09/2023;193345;8000E1349EC16D9B;GOU;104;11;
S1;07/09/2023;193405;8000E1349EC16D83;GOU;105;12;
S1;07/09/2023;193433;8000E1349EC16DC7;GOU;97;10;
S1;07/09/2023;193451;8000E1349EC16DAE;GOU;115;14;Caudale dégradée
S1;07/09/2023;193514;8000E1349EC16DD0;GOU;102;10;
S1;07/09/2023;193531;8000E1349EC16DD1;GOU;110;12;
S1;07/09/2023;193549;8000E1349EC16DDA;GOU;91;8;
S1;07/09/2023;193607;8000E1349EC16DDF;GOU;86;6;
S1;07/09/2023;193624;8000E1349EC16DCA;GOU;96;9;
S1;07/09/2023;193641;8000E1349EC16DD9;GOU;94;9;
S1;07/09/2023;193702;8000E13515DF91F6;TRF;194;67;
S1;07/09/2023;193758;8000E1349EC16D93;BAF;101;9;
S1;07/09/2023;193835;8000E1349EC16DA5;BAF;92;10;
S1;07/09/2023;193855;8000E1349EC16DAA;BAF;85;7;
S1;07/09/2023;193923;8000E1349EC16DE0;BAF;84;6;
S1;07/09/2023;193942;8000E1349EC16DBE;BAF;91;6;
S1;07/09/2023;194007;8000E1349EC16D92;BAF;85;5;
S1;07/09/2023;194046;8000E1349EC16DC5;CHE;108;12;
S1;07/09/2023;194124;8000E1349EC16DA6;CHE;99;10;
S1;07/09/2023;194144;8000E1349EC16DDD;CHE;99;10;
S1;07/09/2023;194209;8000E1349EC16DAF;CHE;95;8;
S1;07/09/2023;194229;8000E1349EC16DAD;CHE;102;10;
S1;07/09/2023;194304;8000E1349EC16DBB;CHE;143;26;
S1;07/09/2023;194337;8000E1349EC16DD2;CHE;107;11;
S1;07/09/2023;194356;8000E1349EC16DDE;CHE;104;13;
S1;07/09/2023;194422;8000E1349EC16DC4;CHE;116;15;
S1;07/09/2023;194445;8000E1349EC16DB8;CHE;131;21;
S1;07/09/2023;194508;8000E1349EC16DBA;CHE;129;21;Saignement
S1;07/09/2023;194545;8000E1349EC16DE2;CHE;138;26;
S1;07/09/2023;194608;8000E1349EC16DAC;CHE;144;28;Opercule dégradé
